road_type,year,verify_install_year,len,adj_len,road_type_recode,verify_install_type,install_len,upgrade1_len,upgrade1_len_replaced,upgrade2_len,upgrade2_len_replaced
All,,1986,0.7625943279272829,,Arterial,,,,,,
All,,1986,1.8214484649163851,,Local,,,,,,
All,,1990,5.020187293259815,,Arterial,,,,,,
All,,1990,0.7442532303523912,,Collector,,,,,,
All,,1990,7.353365406072632,,Local,,,,,,
All,,1993,5.205252065805733,,Arterial,,,,,,
All,,1993,15.033858087989143,,Local,,,,,,
All,,1994,0.884630075184609,,Collector,,,,,,
All,,1994,25.59462486776441,,Local,,,,,,
All,,1995,32.612280810221584,,Local,,,,,,
All,,1996,40.91192416238726,,Local,,,,,,
All,,1997,10.300489552633906,,Arterial,,,,,,
All,,1997,48.34756247749182,,Local,,,,,,
All,,1998,1.695975593642304,,Collector,,,,,,
All,,1998,69.54613533336536,,Local,,,,,,
All,,1999,74.67618662828994,,Local,,,,,,
All,,2001,10.720921325809071,,Arterial,,,,,,
All,,2003,15.359444798900952,,Arterial,,,,,,
All,,2003,3.1249733701230618,,Collector,,,,,,
All,,2003,82.22509132747197,,Local,,,,,,
All,,2004,16.507309686699845,,Arterial,,,,,,
All,,2004,4.78969281865495,,Collector,,,,,,
All,,2004,90.45733008604306,,Local,,,,,,
All,,2005,20.158849943376897,,Arterial,,,,,,
All,,2005,5.276964133960303,,Collector,,,,,,
All,,2005,92.49791147145984,,Local,,,,,,
All,,2006,28.037275625337323,,Arterial,,,,,,
All,,2006,6.25788846904173,,Collector,,,,,,
All,,2006,94.92138664788179,,Local,,,,,,
All,,2007,28.203923092983686,,Arterial,,,,,,
All,,2007,7.517873255926628,,Collector,,,,,,
All,,2007,98.49409479279772,,Local,,,,,,
All,,2008,32.23175499970381,,Arterial,,,,,,
All,,2008,106.99023279727545,,Local,,,,,,
All,,2009,36.24758944810403,,Arterial,,,,,,
All,,2009,13.006118136644357,,Collector,,,,,,
All,,2009,125.46150398968037,,Local,,,,,,
All,,2010,38.679442000682236,,Arterial,,,,,,
All,,2010,13.130175541176984,,Collector,,,,,,
All,,2010,127.25918139435659,,Local,,,,,,
All,,2011,38.98959939045597,,Arterial,,,,,,
All,,2011,13.130175541176984,,Collector,,,,,,
All,,2011,134.82535797699393,,Local,,,,,,
All,,2012,39.526203210631266,,Arterial,,,,,,
All,,2012,13.20237221303886,,Collector,,,,,,
All,,2012,148.52581588639217,,Local,,,,,,
All,,2013,39.6999983660783,,Arterial,,,,,,
All,,2013,14.172077599100213,,Collector,,,,,,
All,,2013,162.66456165131024,,Local,,,,,,
All,,2014,40.000356894871516,,Arterial,,,,,,
All,,2014,15.317866031425053,,Collector,,,,,,
All,,2014,165.15460235149502,,Local,,,,,,
All,,2015,42.17580519556103,,Arterial,,,,,,
All,,2015,15.533366518315423,,Collector,,,,,,
All,,2015,165.71414366106305,,Local,,,,,,
All,,2016,44.085062735822994,,Arterial,,,,,,
All,,2016,15.533366518315423,,Collector,,,,,,
All,,2016,165.71414366106305,,Local,,,,,,
All,,2017,44.41679374107472,,Arterial,,,,,,
All,,2017,16.6426316693651,,Collector,,,,,,
All,,2017,170.02742303852003,,Local,,,,,,
All,,2018,45.03829594432266,,Arterial,,,,,,
All,,2018,16.94999487467957,,Collector,,,,,,
All,,2018,173.4032381421167,,Local,,,,,,
All,,2019,45.03829594432266,,Arterial,,,,,,
All,,2019,16.94999487467957,,Collector,,,,,,
All,,2019,175.1434676255996,,Local,,,,,,
All,,2020,46.73675128963923,,Arterial,,,,,,
All,,2020,17.950226318049886,,Collector,,,,,,
All,,2020,177.33722090030614,,Local,,,,,,
All,,2021,48.7349042185603,,Arterial,,,,,,
All,,2021,17.950226318049886,,Collector,,,,,,
All,,2021,179.78171868661985,,Local,,,,,,
All,,2022,49.22969594630019,,Arterial,,,,,,
All,,2022,17.950226318049886,,Collector,,,,,,
All,,2022,179.78171868661985,,Local,,,,,,
Arterial,1986,,,0.047338438421158785,,LSB,0.047338438421158785,0,0,0,0
Arterial,1986,,,0.7152558895061241,,N,0.7152558895061241,0,0,0,0
Arterial,1990,,,3.5614154136427616,,None,3.5614154136427616,0,0,0,0
Arterial,1990,,,0.6961775516897699,,PL,0.6961775516897699,0,0,0,0
Arterial,1993,,,0.23240321096707725,,LSB,0.23240321096707725,0,0,0,0
Arterial,1997,,,3.652590910757216,,None,3.652590910757216,0,0,0,0
Arterial,1997,,,5.700239541403488,,PL,5.700239541403488,0,0,0,0
Arterial,2001,,,6.1206713145786535,,PL,6.1206713145786535,0,0,0,0
Arterial,2003,,,3.780530974824649,,None,3.780530974824649,0,0,0,0
Arterial,2003,,,0.09519990185396018,,PBL,0.09519990185396018,0,0,0,0
Arterial,2003,,,10.536054821749142,,PL,10.536054821749142,0,0,0,0
Arterial,2004,,,1.3802680987659675,,LSB,1.3802680987659675,0,0,0,0
Arterial,2005,,,14.187595078426197,,PL,14.187595078426197,0,0,0,0
Arterial,2006,,,22.06602076038662,,PL,22.06602076038662,0,0,0,0
Arterial,2007,,,22.232668228032985,,PL,22.232668228032985,0,0,0,0
Arterial,2008,,,4.568501324118603,,None,4.568501324118603,0,0,0,0
Arterial,2008,,,25.472529785459155,,PL,25.472529785459155,0,0,0,0
Arterial,2009,,,0,,BUF,0,0,0,0,0
Arterial,2009,,,1.5226708305831678,,LSB,1.5226708305831678,0,0,0,0
Arterial,2009,,,0.7152558895061241,,N,0.7152558895061241,0,0,0,0
Arterial,2009,,,3.56160302486999,,None,4.618141008366365,0,1.056537983496375,0,0
Arterial,2009,,,1.8113252313198198,,PBL,0.7547872478234448,1.056537983496375,0,0,0
Arterial,2009,,,28.636734471824933,,PL,28.636734471824933,0,0,0,0
Arterial,2010,,,0,,BUF,0,0,0,0,0
Arterial,2010,,,1.5226708305831678,,LSB,1.5226708305831678,0,0,0,0
Arterial,2010,,,0.7152558895061241,,N,0.7152558895061241,0,0,0,0
Arterial,2010,,,3.56160302486999,,None,4.618141008366365,0,1.056537983496375,0,0
Arterial,2010,,,5.60073638417205,,PBL,1.0080070681715445,4.592729316000506,0,0,0
Arterial,2010,,,27.27917587155091,,PL,30.81536720405504,0,3.536191332504131,0,0
Arterial,2011,,,0,,BUF,0,0,0,0,0
Arterial,2011,,,1.5226708305831678,,LSB,1.5226708305831678,0,0,0,0
Arterial,2011,,,0.7152558895061241,,N,0.7152558895061241,0,0,0,0
Arterial,2011,,,3.56160302486999,,None,4.618141008366365,0,1.056537983496375,0,0
Arterial,2011,,,5.910893773945783,,PBL,1.3181644579452767,4.592729316000506,0,0,0
Arterial,2011,,,27.27917587155091,,PL,30.81536720405504,0,3.536191332504131,0,0
Arterial,2012,,,0,,BUF,0,0,0,0,0
Arterial,2012,,,1.7376919423123514,,LSB,1.7376919423123514,0,0,0,0
Arterial,2012,,,0.7152558895061241,,N,0.7152558895061241,0,0,0,0
Arterial,2012,,,2.773632675576035,,None,4.618141008366365,0,1.8445083327903296,0,0
Arterial,2012,,,5.910893773945783,,PBL,1.3181644579452767,4.592729316000506,0,0,0
Arterial,2012,,,28.63315794385202,,PL,31.13694991250115,1.032399363855,3.536191332504131,0,0
Arterial,2013,,,0.1822322860723436,,BUF,0,0.1822322860723436,0,0,0
Arterial,2013,,,1.7376919423123514,,LSB,1.7376919423123514,0,0,0,0
Arterial,2013,,,0.7152558895061241,,N,0.7152558895061241,0,0,0,0
Arterial,2013,,,2.773632675576035,,None,4.618141008366365,0,1.8445083327903296,0,0
Arterial,2013,,,6.807273182342023,,PBL,1.4919596133923039,5.315313568949719,0,0,0
Arterial,2013,,,28.35104133531947,,PL,31.13694991250115,1.6550992943440068,4.441007871525688,0,0
Arterial,2014,,,0.1822322860723436,,BUF,0,0.1822322860723436,0,0,0
Arterial,2014,,,1.7376919423123514,,LSB,1.7376919423123514,0,0,0,0
Arterial,2014,,,0.7152558895061241,,N,0.7152558895061241,0,0,0,0
Arterial,2014,,,2.773632675576035,,None,4.618141008366365,0,1.8445083327903296,0,0
Arterial,2014,,,7.521691361220543,,PBL,1.792318142185528,5.729373219035015,0,0,0
Arterial,2014,,,27.936981685234173,,PL,31.13694991250115,1.6550992943440068,4.855067521610983,0,0
Arterial,2015,,,0.1822322860723436,,BUF,0,0.1822322860723436,0,0,0
Arterial,2015,,,1.6903535038911925,,LSB,1.7376919423123514,0,0.047338438421158785,0,0
Arterial,2015,,,0.7152558895061241,,N,0.7152558895061241,0,0,0,0
Arterial,2015,,,2.773632675576035,,None,4.618141008366365,0,1.8445083327903296,0,0
Arterial,2015,,,7.611274566859887,,PBL,1.8345629094037135,5.776711657456174,0,0,0
Arterial,2015,,,30.070185218705497,,PL,33.270153445972475,1.6550992943440068,4.855067521610983,0,0
Arterial,2016,,,0.5303834318926894,,BUF,0.1080135982859675,0.4223698336067219,0,0,0
Arterial,2016,,,1.6903535038911925,,LSB,1.7376919423123514,0,0.047338438421158785,0,0
Arterial,2016,,,0.7152558895061241,,N,0.7152558895061241,0,0,0,0
Arterial,2016,,,0.33372935728173836,,None,4.774290617332909,0,4.440561260051171,0,0
Arterial,2016,,,12.83129088958896,,PBL,3.444028933449403,9.387261956139557,0,0,0
Arterial,2016,,,29.057085607248496,,PL,33.30578175493624,1.6550992943440068,5.903795442031752,0,0
Arterial,2017,,,5.385483371186483,,BUF,0.1080135982859675,5.277469772900516,0,0,0
Arterial,2017,,,1.6903535038911925,,LSB,1.7376919423123514,0,0.047338438421158785,0,0
Arterial,2017,,,0.7152558895061241,,N,0.7152558895061241,0,0,0,0
Arterial,2017,,,0.48790719481877964,,None,4.774290617332909,0.2821179016044746,4.568501324118603,0,0
Arterial,2017,,,14.566901209402277,,PBL,3.77575993870113,9.734603287204772,0,1.056537983496375,0
Arterial,2017,,,23.700466499352444,,PL,33.30578175493624,1.6550992943440068,11.260414549927802,0,0
Arterial,2018,,,5.385483371186483,,BUF,0.1080135982859675,5.277469772900516,0,0,0
Arterial,2018,,,1.6903535038911925,,LSB,1.7376919423123514,0,0.047338438421158785,0,0
Arterial,2018,,,0,,N,0.7152558895061241,0,0.7152558895061241,0,0
Arterial,2018,,,0.33170625308035273,,None,4.774290617332909,0.2821179016044746,4.72470226585703,0,0
Arterial,2018,,,16.291541808686976,,PBL,4.397262141949074,10.837741683241525,0,1.056537983496375,0
Arterial,2018,,,23.725268788557702,,PL,33.30578175493624,1.7650879898856973,11.345600956264239,0,0
Arterial,2019,,,5.575475157721574,,BUF,0.1080135982859675,5.467461559435607,0,0,0
Arterial,2019,,,1.6903535038911925,,LSB,1.7376919423123514,0,0.047338438421158785,0,0
Arterial,2019,,,0,,N,0.7152558895061241,0,0.7152558895061241,0,0
Arterial,2019,,,0.33170625308035273,,None,4.774290617332909,0.2821179016044746,4.72470226585703,0,0
Arterial,2019,,,16.291541808686976,,PBL,4.397262141949074,10.837741683241525,0,1.056537983496375,0
Arterial,2019,,,23.642215932817436,,PL,33.30578175493624,1.8720269206805253,11.535592742799329,0,0
Arterial,2020,,,5.575475157721574,,BUF,0.1080135982859675,5.467461559435607,0,0,0
Arterial,2020,,,1.6903535038911925,,LSB,1.7376919423123514,0,0.047338438421158785,0,0
Arterial,2020,,,0,,N,0.7152558895061241,0,0.7152558895061241,0,0
Arterial,2020,,,0.8893868139598791,,None,4.774290617332909,0.8397984624840001,4.72470226585703,0,0
Arterial,2020,,,18.535514648365037,,PBL,4.9936606648168675,12.386060950797045,0,1.1557930327511219,0
Arterial,2020,,,23.014465756801407,,PL,34.40783857738501,1.946594390998333,13.339967211581936,0,0
Arterial,2021,,,5.575475157721574,,BUF,0.1080135982859675,5.467461559435607,0,0,0
Arterial,2021,,,1.6903535038911925,,LSB,1.7376919423123514,0,0.047338438421158785,0,0
Arterial,2021,,,0,,N,0.7152558895061241,0,0.7152558895061241,0,0
Arterial,2021,,,0.8397984624840005,,None,4.774290617332909,0.8397984624840001,4.774290617332909,0,0
Arterial,2021,,,22.047997730243043,,PBL,6.991813593737942,13.801193322133546,0,1.2549908143715578,0
Arterial,2021,,,21.69852843966528,,PL,34.40783857738501,1.946594390998333,14.655904528718063,0,0
Arterial,2022,,,5.575475157721574,,BUF,0.1080135982859675,5.467461559435607,0,0,0
Arterial,2022,,,1.6903535038911925,,LSB,1.7376919423123514,0,0.047338438421158785,0,0
Arterial,2022,,,0,,N,0.7152558895061241,0,0.7152558895061241,0,0
Arterial,2022,,,0.8397984624840005,,None,4.774290617332909,0.8397984624840001,4.774290617332909,0,0
Arterial,2022,,,22.152194666838163,,PBL,6.991813593737942,13.905390258728664,0,1.2549908143715578,0
Arterial,2022,,,22.193320167405176,,PL,34.9026303051249,1.946594390998333,14.655904528718063,0,0
Collector,1990,,,0.7442532303523912,,None,0.7442532303523912,0,0,0,0
Collector,1994,,,0.884630075184609,,None,0.884630075184609,0,0,0,0
Collector,1998,,,0.8113455184576951,,LSB,0.8113455184576951,0,0,0,0
Collector,2003,,,1.7698355997561195,,LSB,1.7698355997561195,0,0,0,0
Collector,2003,,,0.0946515126016271,,PBL,0.0946515126016271,0,0,0,0
Collector,2003,,,0.3758561825807062,,PL,0.3758561825807062,0,0,0,0
Collector,2004,,,2.735773094072664,,LSB,2.735773094072664,0,0,0,0
Collector,2004,,,1.07463813679605,,PL,1.07463813679605,0,0,0,0
Collector,2005,,,1.5619094521014028,,PL,1.5619094521014028,0,0,0,0
Collector,2006,,,2.54283378718283,,PL,2.54283378718283,0,0,0,0
Collector,2007,,,2.9100937533197953,,LSB,2.9100937533197953,0,0,0,0
Collector,2007,,,1.1103168520340474,,None,1.1103168520340474,0,0,0,0
Collector,2007,,,3.4028111379711588,,PL,3.4028111379711588,0,0,0,0
Collector,2009,,,0,,BUF,0,0,0,0,0
Collector,2009,,,3.113169547984052,,LSB,3.113169547984052,0,0,0,0
Collector,2009,,,0.9699400072018297,,None,1.1103168520340474,0,0.1403768448322177,0,0
Collector,2009,,,0.14703231736413544,,PBL,0.14703231736413544,0,0,0,0
Collector,2009,,,8.775976264094341,,PL,8.635599419262123,0.1403768448322177,0,0,0
Collector,2010,,,0,,BUF,0,0,0,0,0
Collector,2010,,,3.113169547984052,,LSB,3.113169547984052,0,0,0,0
Collector,2010,,,1.0939974117344566,,None,1.2343742565666744,0,0.1403768448322177,0,0
Collector,2010,,,0.19436424093134738,,PBL,0.14703231736413544,0.04733192356721195,0,0,0
Collector,2010,,,8.72864434052713,,PL,8.635599419262123,0.1403768448322177,0.04733192356721195,0,0
Collector,2011,,,0,,BUF,0,0,0,0,0
Collector,2011,,,3.113169547984052,,LSB,3.113169547984052,0,0,0,0
Collector,2011,,,1.0939974117344566,,None,1.2343742565666744,0,0.1403768448322177,0,0
Collector,2011,,,0.19436424093134738,,PBL,0.14703231736413544,0.04733192356721195,0,0,0
Collector,2011,,,8.72864434052713,,PL,8.635599419262123,0.1403768448322177,0.04733192356721195,0,0
Collector,2012,,,0,,BUF,0,0,0,0,0
Collector,2012,,,3.113169547984052,,LSB,3.113169547984052,0,0,0,0
Collector,2012,,,1.0939974117344566,,None,1.2343742565666744,0,0.1403768448322177,0,0
Collector,2012,,,0.26656091279322375,,PBL,0.21922898922601178,0.04733192356721195,0,0,0
Collector,2012,,,8.869021185359347,,PL,8.635599419262123,0.1403768448322177,0.04733192356721195,0.1403768448322177,0
Collector,2013,,,0.8599773507883288,,BUF,0,0.8599773507883288,0,0,0
Collector,2013,,,4.082874934045404,,LSB,4.082874934045404,0,0,0,0
Collector,2013,,,1.0939974117344566,,None,1.2343742565666744,0,0.1403768448322177,0,0
Collector,2013,,,0.26656091279322375,,PBL,0.21922898922601178,0.04733192356721195,0,0,0
Collector,2013,,,8.241636784234226,,PL,8.635599419262123,0.37296979449542467,0.9073092743555409,0.1403768448322177,0
Collector,2014,,,0.8599773507883288,,BUF,0,0.8599773507883288,0,0,0
Collector,2014,,,5.228663366370244,,LSB,5.228663366370244,0,0,0,0
Collector,2014,,,0.9699400072018297,,None,1.2343742565666744,0,0.2644342493648447,0,0
Collector,2014,,,0.39061831732585073,,PBL,0.21922898922601178,0.17138932809983898,0,0,0
Collector,2014,,,8.241636784234226,,PL,8.635599419262123,0.37296979449542467,0.9073092743555409,0.1403768448322177,0
Collector,2015,,,0.8599773507883288,,BUF,0,0.8599773507883288,0,0,0
Collector,2015,,,5.228663366370244,,LSB,5.228663366370244,0,0,0,0
Collector,2015,,,0.9699400072018297,,None,1.2343742565666744,0,0.2644342493648447,0,0
Collector,2015,,,0.6061188042162211,,PBL,0.4347294761163822,0.17138932809983898,0,0,0
Collector,2015,,,8.241636784234226,,PL,8.635599419262123,0.37296979449542467,0.9073092743555409,0.1403768448322177,0
Collector,2016,,,0.8599773507883288,,BUF,0,0.8599773507883288,0,0,0
Collector,2016,,,5.228663366370244,,LSB,5.228663366370244,0,0,0,0
Collector,2016,,,0.9699400072018297,,None,1.2343742565666744,0,0.2644342493648447,0,0
Collector,2016,,,0.6061188042162211,,PBL,0.4347294761163822,0.17138932809983898,0,0,0
Collector,2016,,,8.241636784234226,,PL,8.635599419262123,0.37296979449542467,0.9073092743555409,0.1403768448322177,0
Collector,2017,,,1.2403937161333987,,BUF,0.38041636534506984,0.8599773507883288,0,0,0
Collector,2017,,,5.228663366370244,,LSB,5.228663366370244,0,0,0,0
Collector,2017,,,0,,None,1.2343742565666744,0,1.2343742565666744,0,0
Collector,2017,,,0.6061188042162211,,PBL,0.4347294761163822,0.17138932809983898,0,0,0
Collector,2017,,,9.940425577140665,,PL,9.364448204966733,1.3429098016972543,0.9073092743555409,0.1403768448322177,0
Collector,2018,,,1.2403937161333987,,BUF,0.38041636534506984,0.8599773507883288,0,0,0
Collector,2018,,,5.228663366370244,,LSB,5.228663366370244,0,0,0,0
Collector,2018,,,0,,None,1.2343742565666744,0,1.2343742565666744,0,0
Collector,2018,,,0.9134820095306913,,PBL,0.7420926814308523,0.17138932809983898,0,0,0
Collector,2018,,,11.478072954575541,,PL,9.364448204966733,2.8805571791321305,0.9073092743555409,0.1403768448322177,0
Collector,2019,,,1.8778447277048458,,BUF,0.38041636534506984,1.497428362359776,0,0,0
Collector,2019,,,5.228663366370244,,LSB,5.228663366370244,0,0,0,0
Collector,2019,,,0,,None,1.2343742565666744,0,1.2343742565666744,0,0
Collector,2019,,,0.9134820095306913,,PBL,0.7420926814308523,0.17138932809983898,0,0,0
Collector,2019,,,11.25204838117537,,PL,9.364448204966733,3.291983617303406,1.5447602859269878,0.1403768448322177,0
Collector,2020,,,2.878076171075157,,BUF,1.3806478087153806,1.497428362359776,0,0,0
Collector,2020,,,5.228663366370244,,LSB,5.228663366370244,0,0,0,0
Collector,2020,,,0,,None,1.2343742565666744,0,1.2343742565666744,0,0
Collector,2020,,,0.9134820095306913,,PBL,0.7420926814308523,0.17138932809983898,0,0,0
Collector,2020,,,11.25204838117537,,PL,9.364448204966733,3.291983617303406,1.5447602859269878,0.1403768448322177,0
Collector,2021,,,2.878076171075157,,BUF,1.3806478087153806,1.497428362359776,0,0,0
Collector,2021,,,5.228663366370244,,LSB,5.228663366370244,0,0,0,0
Collector,2021,,,0,,None,1.2343742565666744,0,1.2343742565666744,0,0
Collector,2021,,,1.2806154251461481,,PBL,0.7420926814308523,0.538522743715296,0,0,0
Collector,2021,,,10.884914965559913,,PL,9.364448204966733,3.291983617303406,1.9118937015424449,0.1403768448322177,0
Collector,2022,,,2.878076171075157,,BUF,1.3806478087153806,1.497428362359776,0,0,0
Collector,2022,,,5.228663366370244,,LSB,5.228663366370244,0,0,0,0
Collector,2022,,,0,,None,1.2343742565666744,0,1.2343742565666744,0,0
Collector,2022,,,1.2806154251461481,,PBL,0.7420926814308523,0.538522743715296,0,0,0
Collector,2022,,,10.884914965559913,,PL,9.364448204966733,3.291983617303406,1.9118937015424449,0.1403768448322177,0
Local,1986,,,1.8214484649163851,,LSB,1.8214484649163851,0,0,0,0
Local,1990,,,7.353365406072632,,LSB,7.353365406072632,0,0,0,0
Local,1993,,,14.65882398732582,,LSB,14.65882398732582,0,0,0,0
Local,1993,,,0.20716848381384173,,None,0.20716848381384173,0,0,0,0
Local,1993,,,0.16786561684948242,,PBL,0.16786561684948242,0,0,0,0
Local,1994,,,25.128609700544587,,LSB,25.128609700544587,0,0,0,0
Local,1994,,,0.29814955037033786,,None,0.29814955037033786,0,0,0,0
Local,1995,,,32.14626564300176,,LSB,32.14626564300176,0,0,0,0
Local,1996,,,39.95793014303916,,LSB,39.95793014303916,0,0,0,0
Local,1996,,,0.5409337856042995,,None,0.5409337856042995,0,0,0,0
Local,1996,,,0.2451946168943216,,PL,0.2451946168943216,0,0,0,0
Local,1997,,,46.67126118825028,,LSB,46.67126118825028,0,0,0,0
Local,1997,,,0.9675018867877638,,PL,0.9675018867877638,0,0,0,0
Local,1998,,,67.8698340441238,,LSB,67.8698340441238,0,0,0,0
Local,1999,,,72.90970901863776,,LSB,72.90970901863776,0,0,0,0
Local,1999,,,0.6311101060149297,,None,0.6311101060149297,0,0,0,0
Local,2003,,,80.4586137178198,,LSB,80.4586137178198,0,0,0,0
Local,2004,,,86.9963321413222,,LSB,86.9963321413222,0,0,0,0
Local,2004,,,1.6945203350686748,,N,1.6945203350686748,0,0,0,0
Local,2005,,,88.72478038634597,,LSB,88.72478038634597,0,0,0,0
Local,2005,,,0.7505579790963471,,None,0.7505579790963471,0,0,0,0
Local,2005,,,1.1601871540993671,,PL,1.1601871540993671,0,0,0,0
Local,2006,,,91.10761537914729,,LSB,91.10761537914729,0,0,0,0
Local,2006,,,1.2008273377199952,,PL,1.2008273377199952,0,0,0,0
Local,2007,,,93.67188981623185,,LSB,93.67188981623185,0,0,0,0
Local,2007,,,0.5146115540600192,,PBL,0.5146115540600192,0,0,0,0
Local,2007,,,1.8625151083408238,,PL,1.8625151083408238,0,0,0,0
Local,2008,,,102.16802782070958,,LSB,102.16802782070958,0,0,0,0
Local,2009,,,0,,BUF,0,0,0,0,0
Local,2009,,,119.4142691081214,,LSB,119.4142691081214,0,0,0,0
Local,2009,,,1.6945203350686748,,N,1.6945203350686748,0,0,0,0
Local,2009,,,1.0837797892423393,,None,1.0837797892423393,0,0,0,0
Local,2009,,,0.8784440099843727,,PBL,0.8784440099843727,0,0,0,0
Local,2009,,,2.390490747263581,,PL,2.390490747263581,0,0,0,0
Local,2010,,,0,,BUF,0,0,0,0,0
Local,2010,,,120.6920388373671,,LSB,120.6920388373671,0,0,0,0
Local,2010,,,1.6945203350686748,,N,1.6945203350686748,0,0,0,0
Local,2010,,,1.0837797892423393,,None,1.0837797892423393,0,0,0,0
Local,2010,,,0.5316980727738359,,PBL,0.8784440099843727,0,0.34674593721053687,0,0
Local,2010,,,3.7733302624725646,,PL,2.9103984226941146,0.86293183977845,0,0,0
Local,2011,,,0,,BUF,0,0,0,0,0
Local,2011,,,128.20193374793578,,LSB,128.20193374793578,0,0,0,0
Local,2011,,,1.6945203350686748,,N,1.6945203350686748,0,0,0,0
Local,2011,,,1.0837797892423393,,None,1.0837797892423393,0,0,0,0
Local,2011,,,0.5316980727738359,,PBL,0.8784440099843727,0,0.34674593721053687,0,0
Local,2011,,,3.8296119345412003,,PL,2.9666800947627503,0.86293183977845,0,0,0
Local,2012,,,0,,BUF,0,0,0,0,0
Local,2012,,,140.73139537374422,,LSB,141.05301622562504,0,0.3216208518808319,0,0
Local,2012,,,1.6945203350686748,,N,1.6945203350686748,0,0,0,0
Local,2012,,,1.0837797892423393,,None,1.0837797892423393,0,0,0,0
Local,2012,,,0.6220439360631509,,PBL,0.9687898732736877,0,0.34674593721053687,0,0
Local,2012,,,4.910262354841725,,PL,3.7257096631824433,1.184552691659282,0,0,0
Local,2013,,,0.4621684038170505,,BUF,0.4621684038170505,0,0,0,0
Local,2013,,,154.04149002786298,,LSB,154.3631108797438,0,0.3216208518808319,0,0
Local,2013,,,1.6945203350686748,,N,1.6945203350686748,0,0,0,0
Local,2013,,,0.8766113054284976,,None,1.0837797892423393,0,0.20716848381384173,0,0
Local,2013,,,1.6851815955895495,,PBL,1.3352725802559302,0.37503410066332415,0.34674593721053687,0.3216208518808319,0
Local,2013,,,5.231883206722557,,PL,3.7257096631824433,1.184552691659282,0,0,0.3216208518808319
Local,2014,,,0.4621684038170505,,BUF,0.4621684038170505,0,0,0,0
Local,2014,,,154.9913343112211,,LSB,155.62341036836247,0,0.6320760571413689,0,0
Local,2014,,,1.6945203350686748,,N,1.6945203350686748,0,0,0,0
Local,2014,,,0.6459781238465176,,None,1.0837797892423393,0,0.4378016653958216,0,0
Local,2014,,,3.456011193998168,,PBL,2.565013791822032,0.9161224875058411,0.34674593721053687,0.3216208518808319,0
Local,2014,,,5.231883206722557,,PL,3.7257096631824433,1.184552691659282,0,0,0.3216208518808319
Local,2015,,,0.4621684038170505,,BUF,0.4621684038170505,0,0,0,0
Local,2015,,,155.21604919465378,,LSB,155.84812525179515,0,0.6320760571413689,0,0
Local,2015,,,1.6945203350686748,,N,1.6945203350686748,0,0,0,0
Local,2015,,,0.354270003977068,,None,1.0837797892423393,0,0.7295097852652713,0,0
Local,2015,,,4.08254574000298,,PBL,2.8998402179573946,1.207830607375291,0.34674593721053687,0.3216208518808319,0
Local,2015,,,5.231883206722557,,PL,3.7257096631824433,1.184552691659282,0,0,0.3216208518808319
Local,2016,,,0.4621684038170505,,BUF,0.4621684038170505,0,0,0,0
Local,2016,,,155.21604919465378,,LSB,155.84812525179515,0,0.6320760571413689,0,0
Local,2016,,,1.6945203350686748,,N,1.6945203350686748,0,0,0,0
Local,2016,,,0.30769753809215605,,None,1.0837797892423393,0,0.7760822511501833,0,0
Local,2016,,,4.226910551382177,,PBL,2.8998402179573946,1.3521954187544885,0.34674593721053687,0.3216208518808319,0
Local,2016,,,5.134090861228271,,PL,3.7257096631824433,1.184552691659282,0.09779234549428575,0,0.3216208518808319
Local,2017,,,0.4621684038170505,,BUF,0.4621684038170505,0,0,0,0
Local,2017,,,159.52932857211073,,LSB,160.1614046292521,0,0.6320760571413689,0,0
Local,2017,,,1.6945203350686748,,N,1.6945203350686748,0,0,0,0
Local,2017,,,0.30769753809215605,,None,1.0837797892423393,0,0.7760822511501833,0,0
Local,2017,,,4.427637604695131,,PBL,2.8998402179573946,1.3521954187544885,0.34674593721053687,0.5223479051937856,0
Local,2017,,,5.134090861228271,,PL,3.7257096631824433,1.184552691659282,0.09779234549428575,0,0.3216208518808319
Local,2018,,,0.5503558284398288,,BUF,0.5503558284398288,0,0,0,0
Local,2018,,,162.81695625108463,,LSB,163.449032308226,0,0.6320760571413689,0,0
Local,2018,,,1.3483849444034661,,N,1.6945203350686748,0,0.3461353906652087,0,0
Local,2018,,,0.09017632041063006,,None,1.0837797892423393,0,0.9936034688317092,0,0
Local,2018,,,5.427290860704557,,PBL,2.8998402179573946,2.3518486747639136,0.34674593721053687,0.5223479051937856,0
Local,2018,,,4.698094213565581,,PL,3.7257096631824433,1.184552691659282,0.533788993156976,0,0.3216208518808319
Local,2019,,,0.5503558284398288,,BUF,0.5503558284398288,0,0,0,0
Local,2019,,,164.55718573456755,,LSB,165.18926179170893,0,0.6320760571413689,0,0
Local,2019,,,0.31352339905301885,,N,1.6945203350686748,0,1.380996936015656,0,0
Local,2019,,,0.09017632041063006,,None,1.0837797892423393,0,0.9936034688317092,0,0
Local,2019,,,6.4621524060550035,,PBL,2.8998402179573946,3.386710220114361,0.34674593721053687,0.5223479051937856,0
Local,2019,,,4.698094213565581,,PL,3.7257096631824433,1.184552691659282,0.533788993156976,0,0.3216208518808319
Local,2020,,,0.5503558284398288,,BUF,0.5503558284398288,0,0,0,0
Local,2020,,,166.62202684894402,,LSB,167.2541029060854,0,0.6320760571413689,0,0
Local,2020,,,0.31352339905301885,,N,1.6945203350686748,0,1.380996936015656,0,0
Local,2020,,,0.09017632041063006,,None,1.0837797892423393,0,0.9936034688317092,0,0
Local,2020,,,6.591064566385045,,PBL,3.0287523782874355,3.386710220114361,0.34674593721053687,0.5223479051937856,0
Local,2020,,,4.698094213565581,,PL,3.7257096631824433,1.184552691659282,0.533788993156976,0,0.3216208518808319
Local,2021,,,0.5503558284398288,,BUF,0.5503558284398288,0,0,0,0
Local,2021,,,168.89767474848333,,LSB,169.54786472144738,0,0.6501899729640471,0,0
Local,2021,,,0,,N,1.6945203350686748,0,1.6945203350686748,0,0
Local,2021,,,0,,None,1.0837797892423393,0,1.0837797892423393,0,0
Local,2021,,,7.250872253682313,,PBL,3.179488349239169,3.8957819364598953,0.34674593721053687,0.5223479051937856,0
Local,2021,,,4.610836132506374,,PL,3.7257096631824433,1.184552691659282,0.6210470742161833,0,0.3216208518808319
Local,2022,,,0.5503558284398288,,BUF,0.5503558284398288,0,0,0,0
Local,2022,,,168.89767474848333,,LSB,169.54786472144738,0,0.6501899729640471,0,0
Local,2022,,,0,,N,1.6945203350686748,0,1.6945203350686748,0,0
Local,2022,,,0,,None,1.0837797892423393,0,1.0837797892423393,0,0
Local,2022,,,7.250872253682313,,PBL,3.179488349239169,3.8957819364598953,0.34674593721053687,0.5223479051937856,0
Local,2022,,,4.610836132506374,,PL,3.7257096631824433,1.184552691659282,0.6210470742161833,0,0.3216208518808319
